id;title;publish_date;content;description
1;Integration;2021-03-12T03:58:19;Avon Berkshire;Metrics Berkshire Savings Account
2;task-force;2021-03-12T01:13:56;payment;paradigms Producer Wisconsin
3;open-source;2021-03-12T04:53:18;Martinique input Tuna;Investment Account
4;interactive Licensed Fresh Car;2021-03-11T20:00:00;Licensed Metal Gloves Accounts;deposit repurpose
5;Multi-layered;2021-03-12T05:05:05;Credit Card Account Auto Loan Account;contingency
6;Dynamic;2021-03-11T20:59:49;Designer payment Euro;Barbados website
7;national analyzing;2021-03-12T01:19:29;engineer Investment Account monitor;Refined
8;Bedfordshire;2021-03-11T18:59:38;multi-byte connecting sensor;Arizona Throughway bottom-line
9;Cambridgeshire SCSI;2021-03-12T07:46:42;dynamic;Internal national ADP
10;virtual Awesome Fresh Soap Developer;2021-03-12T18:12:47;Bouvet Island (Bouvetoya) CSS Buckinghamshire;transmitting Drive Baby
