id;time;note;customer_id
1;2021-07-18T00:32:47;Leone;1
2;2021-07-18T15:51:27;Oklahoma Money Market Account Chair;2
3;2021-07-17T20:29:52;Pike;3
4;2021-07-17T20:46:21;Sausages Synergized Intelligent Plastic Towels;4
5;2021-07-18T10:48:07;Cross-group Mission;5
6;2021-07-18T12:12:20;Overpass Accountability;6
7;2021-07-18T05:56:14;Fantastic Soft Chair Codes specifically reserved for testing purposes Directives;7
8;2021-07-18T13:02:35;Guernsey New York;8
9;2021-07-18T10:54:06;Israel Track synergies;9
10;2021-07-18T15:11:55;empower Cambridgeshire;10
