id;name;description;img_url
1;Dobra Practical Rubber Bike Rustic;Handcrafted User-centric;Games invoice
2;B2C;4th generation application Progressive;Rustic
3;panel;Corporate archive;Generic Steel Bacon Music maroon
4;sexy;Kids;Soft Freeway
5;sensor Colombia yellow;Jordan;synthesizing Lao People's Democratic Republic
6;Liaison Refined Wooden Gloves maroon;Practical Rubber Shoes Generic Fresh Car Borders;niches Checking Account
7;Health tan COM;Towels Soft;Nevada fresh-thinking neural
8;Auto Loan Account;conglomeration deposit;bypass HDD HDD
9;SMTP evolve technologies;Plastic Progressive Adaptive;bandwidth
10;payment;microchip multi-byte;Credit Card Account Iraqi Dinar
